question,answer,contexts,ground_truths
"What items were packed by Miep for Anne and her family, and what was the significance of these items in the context of their situation?"," **""Miep arrived and promised to return later that night, taking with her a bag full of shoes, dresses, jackets, underwear and stockings.""**

According to the diary entry, Miep packed a bag for Anne and her family containing various essential items such as:

* Shoes
* Dresses
* Jackets
* Underwear
* Stockings

These items were significant in the context of their situation because they represented a way for the family to take more clothes with them without arousing suspicion. As Anne mentions, ""No Jew in our situation would dare leave the house with a suitcase full of clothes."" By packing these essential items, Miep helped the family to prepare for their hiding place while maintaining a sense of normalcy and avoiding drawing attention to themselves.

The packed bag also served as a way to maintain some semblance of normal life amidst the chaos and uncertainty of their situation. The diary entry highlights the importance of these small details in the face of adversity, demonstrating how even seemingly insignificant items can hold great significance in times of crisis.","['be Petervan Daan’s bedroom. Then, just as in the front part of the building,\nthere’s an attic and a loft. So there you are. Now I’ve introduced you to the\nwhole of our lovely Annex!\nYours, Anne\nFriday, July 10, 1942\nDearest Kitty,\nI’ve probably bored you with my long description of our house, but I still think\nyou should know where I’ve ended up; how I ended up here is something you’ll\nfigure out from my next letters. But first, let me continue my story, because, as you\nknow, I wasn’t finished.\nAfter we arrived at 263 Prinsengracht, Miep quickly led us through the long\nhallway and up the wooden staircase to the next floor and into the Annex. She shut\nthe door behind us, leaving us alone. Margot had arrived much earlier on her bike\nand was waiting for us.\nOur living room and all the other rooms were so full of stuff that I can’t find the\nwords to describe it. All the cardboard boxes that had been sent to the office in the\nlast few months were piled on the floors and beds. The small room was filled from\nfloor to ceiling with linens. If we wanted to sleep in properly made beds that night,\nwe had to get going and straighten up the mess. Mother and Margot were unable to\nmove a muscle. They lay down on their bare mattresses, tired, miserable and I don’t\nknow what else. But Father and I, the two cleaner-uppers in the family, started in\nright away.\nAll day long we unpacked boxes, filled cupboards, hammered nails and\nstraightened up the mess, until we fell exhausted into our clean beds at night. We\n22'
 'Miep arrived and promised to return later that night, taking with her a bag full of\nshoes, dresses, jackets, underwear and stockings. After that it was quiet in our\napartment; none of us felt like eating. It was still hot, and everything was very\nstrange.\nWe had rented our big upstairs room to a Mr. Goldschmidt, a divorced man\nin his thirties, who apparently had nothing to do that evening, since despite all our\npolite hints he hung around until ten o’clock. Miep and Jan Gies came at eleven.\nMiep, who’s worked for Father’s company since1933, has become a close friend,\nand so has her husband Jan. Once again, shoes, stockings, books and underwear\ndisappeared into Miep’s bag and Jan’s deep pockets. Ateleven-thirty they too\ndisappeared.\nI was exhausted, and even though I knew it’d be my last night in my own bed,\nI fell a sleep right away and didn’t wake up until Mother called me at five-thirty\nthe next morning. Fortunately, it wasn’t as hot as Sunday; a warm rain fell\nthroughout the day.\nThe four of us were wrapped in so many layers of clothes it looked as if we\nwere going off to spend the night in a refrigerator, and all that just so we could\ntake more clothes with us. No Jew in our situation would dare leave the house\nwith a suitcase full of clothes. I was wearing two undershirts, three pairs of\nunderpants, a dress, and over that a skirt, a jacket, a raincoat, two pairs of\nstockings, heavy shoes, a cap, a scarf and lots more. I was suffocating even before\nwe left the house, but no one bothered to ask me how I felt.\nMargot stuffed her school bag with schoolbooks, went to get her bicycle and,\nwith Miep leading the way, rode off into the great unknown. At any rate, that’s\nhow I thought of it, since I still didn’t know where our hiding place was.\nAt seven-thirty we too closed the door behind us; Moortje, my cat, was the\nonly living creature I said good-bye to. According to a note we left for Mr.\nGoldschmidt, she was to be taken to the neighbors, who would give her a good'
 'with Miep leading the way, rode off into the great unknown. At any rate, that’s\nhow I thought of it, since I still didn’t know where our hiding place was.\nAt seven-thirty we too closed the door behind us; Moortje, my cat, was the\nonly living creature I said good-bye to. According to a note we left for Mr.\nGoldschmidt, she was to be taken to the neighbors, who would give her a good\nhome.\nThe stripped beds, the breakfast things on the table, the pound of meat for the\ncat in the kitchen — all of these created the impression that we’d left in a hurry.\nBut we weren’t interested in impressions. We just wanted to get out of there, to get\naway and reach our destination in safety. Nothing else mattered.\nMore tomorrow.\nYours, Anne\n19'
 'counts.\nSome of our clothing was left with friends, but unfortunately we won’t be able\nto get to it until after the war. Provided it’s still there, of course.\nI’d just finished writing something about Mrs. van Daan when she walked\ninto the room. Thump, I slammed the book shut.\n“Hey, Anne, can’t I even take a peek?”\n“No, Mrs. van Daan.”\n“Just the last page then?”\n“No, not even the last page, Mrs. van Daan.”\nOf course, I nearly died, since that particular page contained a rather\nunflattering description of her.\nThere’s something happening every day, but I’m too tired and lazy to write\nit all down.\nYours, Anne\n31']","[""Miep packed shoes, dresses, jackets, underwear, and stockings for Anne and her family. The significance of these items lies in their necessity for the family's survival while in hiding. Given the context of their situation, where Jews were not allowed to carry luggage without raising suspicion, these items were essential for maintaining a semblance of normal life in their secret annex. The clothing allowed them to have a change of clothes without the risk of being seen carrying suitcases, which could lead to their discovery and arrest. The act of packing these items discreetly also helped to create the illusion that the family had left in a hurry, further protecting them from Nazi scrutiny.""]"
"What were the circumstances that led to the decision to move the hiding plan up by ten days, and how did this affect the family's preparations?",,"['Thursday, July 9, 1942\nDearest Kitty,\nSo there we were, Father, Mother and I, walking in the pouring rain, each of\nus with a school bag and a shopping bag filled to the brim with the most varied\nassortment of items. The people on their way to work at that early hour gave us\nsympathetic looks; you could tell by their faces that they were sorry they couldn’t\noffer us some kind of transportation; the conspicuous yellow star spoke for itself.\nOnly when we were walking down the street did, Father and Mother reveal,\nlittle by little, what the plan was. For months we’d been moving as much of our\nfurniture and apparel out of the apartment as we could. It was agreed that we’d go\ninto hiding on July 16. Because of Margot’s call-up notice, the plan had to be\nmoved up ten days, which meant we’d have to make do with less orderly rooms.\nThe hiding place was located in Father’s office building. That’s a little hard\nfor outsiders to understand, so I’ll explain. Father didn’t have a lot of people\nworking in his office, just Mr. Kugler, Mr. Kleiman, Miep and a twenty-three-\nyear-old typist named Bep Voskuijl, all of whom were informed of our coming.\nMr. Voskuijl, Bep’s father, works in the warehouse, along with two assistants,\nnone of whom were told anything.\nHere’s a description of the building. The large warehouse on the ground\nfloor is used as a workroom and storeroom and is divided into several different\n20'
 'Miep arrived and promised to return later that night, taking with her a bag full of\nshoes, dresses, jackets, underwear and stockings. After that it was quiet in our\napartment; none of us felt like eating. It was still hot, and everything was very\nstrange.\nWe had rented our big upstairs room to a Mr. Goldschmidt, a divorced man\nin his thirties, who apparently had nothing to do that evening, since despite all our\npolite hints he hung around until ten o’clock. Miep and Jan Gies came at eleven.\nMiep, who’s worked for Father’s company since1933, has become a close friend,\nand so has her husband Jan. Once again, shoes, stockings, books and underwear\ndisappeared into Miep’s bag and Jan’s deep pockets. Ateleven-thirty they too\ndisappeared.\nI was exhausted, and even though I knew it’d be my last night in my own bed,\nI fell a sleep right away and didn’t wake up until Mother called me at five-thirty\nthe next morning. Fortunately, it wasn’t as hot as Sunday; a warm rain fell\nthroughout the day.\nThe four of us were wrapped in so many layers of clothes it looked as if we\nwere going off to spend the night in a refrigerator, and all that just so we could\ntake more clothes with us. No Jew in our situation would dare leave the house\nwith a suitcase full of clothes. I was wearing two undershirts, three pairs of\nunderpants, a dress, and over that a skirt, a jacket, a raincoat, two pairs of\nstockings, heavy shoes, a cap, a scarf and lots more. I was suffocating even before\nwe left the house, but no one bothered to ask me how I felt.\nMargot stuffed her school bag with schoolbooks, went to get her bicycle and,\nwith Miep leading the way, rode off into the great unknown. At any rate, that’s\nhow I thought of it, since I still didn’t know where our hiding place was.\nAt seven-thirty we too closed the door behind us; Moortje, my cat, was the\nonly living creature I said good-bye to. According to a note we left for Mr.\nGoldschmidt, she was to be taken to the neighbors, who would give her a good'
 'hadn’t eaten a hot meal all day, but we didn’t care; Mother and Margot were too\ntired and keyed up to eat, and Father and I were too busy.\nTuesday morning we started where we left off the night before. Bep and Miep\nwentgrocery shopping with our ration coupons, Father worked on our blackout\nscreens, we scrubbed the kitchen floor, and were once again busy from sunup to\nsundown. Until Wednesday, I didn’t have a chance to think about the enormous\nchange in my life.\nThen for the first time since our arrival in the Secret Annex, I found a moment\nto tell you all about it and to realize what had happened to me and what was yet to\nhappen.\nYours, Anne\nDearest Kitty,\nFather, Mother and Margot still can’t get used to the chiming of the\nWestertoren clock, which tells us the time every quarter of an hour. Not me, I liked it\nfrom the start; it sounds so reassuring, especially at night. You no doubt want to\nhear what I think of being in hiding. Well, all I can say is that I don’t really know yet.\nI don’t think I’ll ever feel at home in this house, but that doesn’t mean I hate it. It’s\nmore like being on vacation in some strange pension. Kind of an odd way to look at\nlife in hiding, but that’s how things are. The Annex is an ideal place to hide in. It may\nbe damp and lopsided, but there’s probably not a more comfortable hiding place in\nall of Amsterdam. Not in all of Holland.Saturday, July 11, 1942\nUp to now our bedroom, with its blank walls, was very bare. Thanks to\nFather - who brought my entire postcard and movie-star collection here\n23'
 'beforehand - and to a brush and a pot of glue, I was able to plaster the walls with\npictures. It looks much more cheerful. When the van Daans arrive, we’ll be able\nto build cupboards and other odds and ends out of the wood piled in the attic.\nMargot and Mother have recovered somewhat. Yesterday Mother felt well\nenough to cook split-pea soup for the first time, but then she was down stairs\ntalking and forgot all about it. The beans were scorched black, and no amount of\nscraping could get them out of the pan.\nLast night the four of us went down to the private office and listened to\nEngland on the radio. I was so scared someone might hear it that I literally\nbegged Father to take me back upstairs. Mother understood my anxiety and\nwent with me. Whatever we do, we’re very afraid the neighbors might hear or\nsee us. We started off immediately the first day sewing curtains. Actually, you\ncan hardly call them that, since they’re nothing but scraps of fabric, varying\ngreatly in shape, quality and pattern, which Father and Istitched crookedly\ntogether with unskilled fingers. These works of art were tacked tothe windows,\nwhere they’ll stay until we come out of hiding.\nThe building on our right is a branch of the Keg Company, a firm from\nZaandam, andon the left is a furniture workshop. Though the people who work\nthere are not on the premises after hours, any sound we make might travel\nthrough the walls. We’ve forbidden Margot to cough at night, even though she\nhas a bad cold, and are giving her large doses of codeine.\nI’m looking forward to the arrival of the van Daans, which is set for\nTuesday. It will be much more fun and also not as quiet. You see, it’s the silence\nthat makes me so nervous during the evenings and nights, and I’d give anything\nto have one of our helpers sleep here.\nIt’s really not that bad here, since we can do our own cooking and can listen\nto the radio in Daddy’s office.\nMr. Kleiman and Miep, and Bep Voskuijl too, have helped us so much. We’ve']","[""The circumstances that led to the decision to move the hiding plan up by ten days were due to Margot's call-up notice. This unexpected event accelerated the family's plans to go into hiding, which was originally scheduled for July 16. As a result, the family had to leave with less preparation, meaning the rooms in their hiding place would be less orderly since they had less time to move their furniture and belongings. The family's preparations were significantly affected as they had to quickly adjust to the new timeline, hastily gathering their possessions and moving into the hiding place in Father's office building with the help of a few trusted employees.""]"
"Describe the layout and purpose of the various offices mentioned in the context, specifically focusing on the differences between Mr. Kugler's office and the private office.",,"['sections, such as the stockroom and the milling room, where cinnamon, cloves\nand a pepper substitute are ground.\nNext to the warehouse doors is another outside’ door, a separate entrance to\nthe office. Just inside the office door is a second door, and beyond that a stairway.\nAt the top of the stairs is another door, with a frosted window on which the word\n“Office” is written in black letters. This is the big front office — very large, very\nlight and very full. Bep, Miep and Mr. Kleiman work there during the day. After\npassing through an alcove containing a safe, a wardrobe and a big supply\ncupboard, you come to the small, dark, stuffy back office. This used to be shared\nby Mr. Kugler and Mr. van Daan, but now Mr. Kugler is its only occupant. Mr.\nKugler’s office can also be reached from the hallway, but only through a glass\ndoor that can be opened from the inside but not easily from the outside. If you\nleave Mr. Kugler’s office and proceed through the long, narrow hallway past the\ncoal bin and go up four steps, you find yourself in the private office, the showpiece\nof the entire building. Elegant mahogany furniture, linoleum floors covered with\nthrow rugs, a radio, a fancy lamp, everything first class.\nNext door is a spacious kitchen with a hot-water heater and two gas\nburners, and beside that a bathroom. That’s the second floor.\nA wooden staircase leads from the downstairs hallway to the third floor. At\nthe top of the stairs is a landing, with doors on either side. The door on the left\ntakes you up to the spice storage area, attic and loft in the front part of the house.\nA typically Dutch, very steep, ankle-twisting flight of stairs also runs from the\nfront part of the house to another door opening onto the street.\nThe door to the right of the landing leads to the “Secret Annex” at the back\nof the house. No one would ever suspect there were so many rooms behind that\nplain gray door. There’s just one small step in front of the door, and then you’re'
 'Friday, September 25, 1942\nDearest Kitty,\nFather has a friend, a man in his mid-seventies named Mr. Dreher, who’s\nsick, poor and deaf as a post. At his side, like a useless appendage, is his wife,\ntwenty-sevenyears younger and equally poor, whose arms and legs are loaded\nwith real and fake bracelets and rings left over from more prosperous days. This\nMr. Dreher has already been a great nuisance to Father, and I’ve always admired\nthe saintly patience with which he handled this pathetic old man on the phone.\nWhen we were still living at home, Mother used to advise him to put a\ngramophone in front of the receiver, one that would repeat every three minutes,\n“Yes, Mr. Dreher” and “No, Mr. Dreher,” since the old man never understood a\nword of Father’s lengthy replies anyway.\nToday Mr. Dreher phoned the office and asked Mr. Kugler to come and see\nhim. Mr.Kugler wasn’t in the mood and said he would send Miep, but Miep\ncancelled the appointment. Mrs. Dreher called the office three times, but since\nMiep was reportedly out the entire afternoon, she had to imitate Bep’s voice.\nDownstairs in the office as well as upstairs in the Annex, there was great hilarity.\nNow each time the phone rings, Bep says’ ‘That’s Mrs. Dreher!” and Miep has to\nlaugh, so that the people on the other end of the line are greeted with an impolite\ngiggle. Can’t you just picture it?\nThis has got to be the greatest office in the whole wide world. The bosses\nand the office girls have such fun together!\nSome evenings I go to the van Daans for a little chat. We eat “mothball\ncookies”(molasses cookies that were stored in a closet that was mothproofed)\nand have a goodtime.\nI must say that the Annex Committee (the men’s section) is very creative.\nListen tothe scheme they’ve come up with to get a message to Mr. Broks, an\nOpekta Co. sales representative and friend who’s surreptitiously hidden some of\nour things for us!\nThey’re going to type a letter to a store owner in southern Zealand who is,'
 'Thursday, July 9, 1942\nDearest Kitty,\nSo there we were, Father, Mother and I, walking in the pouring rain, each of\nus with a school bag and a shopping bag filled to the brim with the most varied\nassortment of items. The people on their way to work at that early hour gave us\nsympathetic looks; you could tell by their faces that they were sorry they couldn’t\noffer us some kind of transportation; the conspicuous yellow star spoke for itself.\nOnly when we were walking down the street did, Father and Mother reveal,\nlittle by little, what the plan was. For months we’d been moving as much of our\nfurniture and apparel out of the apartment as we could. It was agreed that we’d go\ninto hiding on July 16. Because of Margot’s call-up notice, the plan had to be\nmoved up ten days, which meant we’d have to make do with less orderly rooms.\nThe hiding place was located in Father’s office building. That’s a little hard\nfor outsiders to understand, so I’ll explain. Father didn’t have a lot of people\nworking in his office, just Mr. Kugler, Mr. Kleiman, Miep and a twenty-three-\nyear-old typist named Bep Voskuijl, all of whom were informed of our coming.\nMr. Voskuijl, Bep’s father, works in the warehouse, along with two assistants,\nnone of whom were told anything.\nHere’s a description of the building. The large warehouse on the ground\nfloor is used as a workroom and storeroom and is divided into several different\n20'
 'A typically Dutch, very steep, ankle-twisting flight of stairs also runs from the\nfront part of the house to another door opening onto the street.\nThe door to the right of the landing leads to the “Secret Annex” at the back\nof the house. No one would ever suspect there were so many rooms behind that\nplain gray door. There’s just one small step in front of the door, and then you’re\ninside. Straight ahead of you is a steep flight of stairs. To the left is a narrow\nhallway opening onto a room that serves as the Frank family’s livingroom and\nbedroom. Next-door is a smaller room, the bedroom and study of the two young\nladies of the family, on the right of the stairs is a windowless washroom with a\nlink. The door in the corner leads to the toilet and another one to Margot’s and\nmy room. If you go up the stairs and open the door at the top, you’re surprised\nto see such a large, light and spacious room in an old canal side house like this. It\ncontains a stove (thanks to the fact hat it used to be Mr. Kugler’s laboratory) and\na sink.\nThis will be the kitchen and bedroom of Mr. and Mrs. van Daan, as well as\nthe general living room, dining room and study for us all. A tiny side room is to\n21']","[""The layout described indicates a multi-functional building with distinct areas for different purposes. The big front office is a large, well-lit space where Bep, Miep, and Mr. Kleiman work. It is a general office area likely used for administrative tasks and daily operations. In contrast, Mr. Kugler's office is a small, dark, and stuffy space, indicating a more private and secluded work environment. This office has a separate entrance from the hallway, secured by a glass door that opens only from the inside, suggesting a need for privacy or security. The private office, accessible through a long, narrow hallway, is described as the showpiece of the building, with elegant mahogany furniture, linoleum floors with throw rugs, a radio, and a fancy lamp, indicating a space designed for impressing clients or for high-level management. The differences between Mr. Kugler's office and the private office lie in their size, furnishings, and the level of privacy and security each provides.""]"
"In her letter dated July 10, 1942, how does Anne describe the initial state of the living room and other rooms in the Annex after their arrival?",,"['be Petervan Daan’s bedroom. Then, just as in the front part of the building,\nthere’s an attic and a loft. So there you are. Now I’ve introduced you to the\nwhole of our lovely Annex!\nYours, Anne\nFriday, July 10, 1942\nDearest Kitty,\nI’ve probably bored you with my long description of our house, but I still think\nyou should know where I’ve ended up; how I ended up here is something you’ll\nfigure out from my next letters. But first, let me continue my story, because, as you\nknow, I wasn’t finished.\nAfter we arrived at 263 Prinsengracht, Miep quickly led us through the long\nhallway and up the wooden staircase to the next floor and into the Annex. She shut\nthe door behind us, leaving us alone. Margot had arrived much earlier on her bike\nand was waiting for us.\nOur living room and all the other rooms were so full of stuff that I can’t find the\nwords to describe it. All the cardboard boxes that had been sent to the office in the\nlast few months were piled on the floors and beds. The small room was filled from\nfloor to ceiling with linens. If we wanted to sleep in properly made beds that night,\nwe had to get going and straighten up the mess. Mother and Margot were unable to\nmove a muscle. They lay down on their bare mattresses, tired, miserable and I don’t\nknow what else. But Father and I, the two cleaner-uppers in the family, started in\nright away.\nAll day long we unpacked boxes, filled cupboards, hammered nails and\nstraightened up the mess, until we fell exhausted into our clean beds at night. We\n22'
 'hadn’t eaten a hot meal all day, but we didn’t care; Mother and Margot were too\ntired and keyed up to eat, and Father and I were too busy.\nTuesday morning we started where we left off the night before. Bep and Miep\nwentgrocery shopping with our ration coupons, Father worked on our blackout\nscreens, we scrubbed the kitchen floor, and were once again busy from sunup to\nsundown. Until Wednesday, I didn’t have a chance to think about the enormous\nchange in my life.\nThen for the first time since our arrival in the Secret Annex, I found a moment\nto tell you all about it and to realize what had happened to me and what was yet to\nhappen.\nYours, Anne\nDearest Kitty,\nFather, Mother and Margot still can’t get used to the chiming of the\nWestertoren clock, which tells us the time every quarter of an hour. Not me, I liked it\nfrom the start; it sounds so reassuring, especially at night. You no doubt want to\nhear what I think of being in hiding. Well, all I can say is that I don’t really know yet.\nI don’t think I’ll ever feel at home in this house, but that doesn’t mean I hate it. It’s\nmore like being on vacation in some strange pension. Kind of an odd way to look at\nlife in hiding, but that’s how things are. The Annex is an ideal place to hide in. It may\nbe damp and lopsided, but there’s probably not a more comfortable hiding place in\nall of Amsterdam. Not in all of Holland.Saturday, July 11, 1942\nUp to now our bedroom, with its blank walls, was very bare. Thanks to\nFather - who brought my entire postcard and movie-star collection here\n23'
 'to normal.\nYours, Anne\nDearest Kitty,\nToday I’ll tell you the general news here in the Annex. A lamp has been\nmounted above my divan bed so that in the future, when I hear the guns going\noff, I’ll be able to pull a cord and switch on the light. I can’t use it at the moment\nbecause we’re keeping our window open a little, day and night.\nThe male members of the van Daan contingent have built a very handy\nwood-stainedfood safe, with real screens. Up to now this glorious cupboard has\nbeen located in Peter’s room, but in the interests of fresh air it’s been moved to\nthe attic. Where it once stood, there’s now a shelf. I advised Peter to put his table Monday, September 21, 1942\n29'
 'around with a heavy scarf on because he’s got a stiff neck. His Highness has been\ncomplaining of lumbago too. Aches and pains in his heart , kidneys and lung s are\nalso par for the course. He’s an absolute hypochondriac! (That’s the right word,\nisn’t it?)\nMother and Mrs. van Daan aren’t getting along very well. There are enough\nreasons for the friction. To give you one small example, Mrs. van D. has removed\nall but three of her sheets from our communal linen closet. She’s assuming that\nMother’s can be used for both families. She’ll be in for a nasty surprise when she\ndiscovers that Mother has followed her lead.\nFurthermore, Mrs. van D. is ticked off because we’re using her china instead\nof ours. She’s still trying to find out what we’ve done with our plates; they’re a\nlot closer than she thinks, since they’re packed in cardboard boxes in the attic,\nbehind a load of Opekta advertising material. As long as we’re in hiding, the\nplates will remain out of her reach. Since I’m always having accidents, it’s just as\nwell! Yesterday I broke one of Mrs. van D.’s soup bowls.\n“Oh!” she angrily exclaimed. “Can’t you be more careful? That was my last\none.”Please bear in mind, Kitty, that the two ladies speak abominable Dutch (I\ndon’t darecomment on the gentlemen: they’d be highly insulted). If you were to\nhear their bungled attempts, you’d laugh your head off. We’ve given up pointing\nout their errors, since correcting them doesn’t help anyway. Whenever I quote\nMother or Mrs. Van Daan, I’ll write proper Dutch instead of trying to duplicate\ntheir speech.\nAfter three days of sullen looks and stubborn silence, everything was back\nto normal.\nYours, Anne\nDearest Kitty,\nToday I’ll tell you the general news here in the Annex. A lamp has been\nmounted above my divan bed so that in the future, when I hear the guns going\noff, I’ll be able to pull a cord and switch on the light. I can’t use it at the moment\nbecause we’re keeping our window open a little, day and night.']","['In her letter dated July 10, 1942, Anne describes the initial state of the living room and other rooms in the Annex as being extremely cluttered and full of stuff. She mentions that the rooms were so full of cardboard boxes, which had been sent to the office over the last few months, that they were piled on the floors and beds. The small room was filled from floor to ceiling with linens. Anne and her father had to start cleaning up immediately if they wanted to sleep in properly made beds that night, as her mother and Margot were too exhausted to help.']"
How does Anne Frank describe her feelings about the Westertoren clock and its impact on the family's experience in hiding?,,"['hadn’t eaten a hot meal all day, but we didn’t care; Mother and Margot were too\ntired and keyed up to eat, and Father and I were too busy.\nTuesday morning we started where we left off the night before. Bep and Miep\nwentgrocery shopping with our ration coupons, Father worked on our blackout\nscreens, we scrubbed the kitchen floor, and were once again busy from sunup to\nsundown. Until Wednesday, I didn’t have a chance to think about the enormous\nchange in my life.\nThen for the first time since our arrival in the Secret Annex, I found a moment\nto tell you all about it and to realize what had happened to me and what was yet to\nhappen.\nYours, Anne\nDearest Kitty,\nFather, Mother and Margot still can’t get used to the chiming of the\nWestertoren clock, which tells us the time every quarter of an hour. Not me, I liked it\nfrom the start; it sounds so reassuring, especially at night. You no doubt want to\nhear what I think of being in hiding. Well, all I can say is that I don’t really know yet.\nI don’t think I’ll ever feel at home in this house, but that doesn’t mean I hate it. It’s\nmore like being on vacation in some strange pension. Kind of an odd way to look at\nlife in hiding, but that’s how things are. The Annex is an ideal place to hide in. It may\nbe damp and lopsided, but there’s probably not a more comfortable hiding place in\nall of Amsterdam. Not in all of Holland.Saturday, July 11, 1942\nUp to now our bedroom, with its blank walls, was very bare. Thanks to\nFather - who brought my entire postcard and movie-star collection here\n23'
 'to normal.\nYours, Anne\nDearest Kitty,\nToday I’ll tell you the general news here in the Annex. A lamp has been\nmounted above my divan bed so that in the future, when I hear the guns going\noff, I’ll be able to pull a cord and switch on the light. I can’t use it at the moment\nbecause we’re keeping our window open a little, day and night.\nThe male members of the van Daan contingent have built a very handy\nwood-stainedfood safe, with real screens. Up to now this glorious cupboard has\nbeen located in Peter’s room, but in the interests of fresh air it’s been moved to\nthe attic. Where it once stood, there’s now a shelf. I advised Peter to put his table Monday, September 21, 1942\n29'
 'Comment added by Anne on September 29, 1942:\nComment added by Anne in September 1942:Not being able to go\noutside upsets me more than I can say, and I’m terrified our hiding place will be\ndiscovered and that we’ll be shot. That, of course, is a fairly dismal prospect.\nThey’ve all been so nice to me this last month because of my birthday, and\nyet everyday I feel myself drifting further away from Mother and Margot. I\nworked hard today and they praised me, only to start picking on me again five\nminutes later.\nYou can easily see the difference between the way they deal with Margot\nand the way they deal with me. For example, Margot broke the vacuum cleaner,\nand because of that we’ve been without light for the rest of the day. Mother said,\n“Well, Margot, it’s easy to see you’re not used to working; otherwise, you’d have\nknown better than toyank the plug out by the cord.” Margot made some reply,\nand that was the end of the story.\nBut this afternoon, when I wanted to rewrite something on Mother’s\nshopping list because her handwriting is so hard to read, she wouldn’t let me.\nShe bawled me out again, and the whole family wound up getting involved.\nI don’t fit in with them, and I’ve felt that clearly in the last few weeks.\nThey’re so sentimental together, but I’d rather be sentimental on my own.\nThey’re always saying how nice it is with the four of us, and that we get along so\nwell, without giving amoment’s thought to the fact that I don’t feel that way.\nDaddy’s the only one who understands me, now and again, though he\nusually sides with Mother and Margot. Another thing I can’t stand is having\nthem talk about me in front of outsiders, telling them how I cried or how\nsensibly I’m behaving. It’s horrible. And sometimes they talk about Moortje and\nI can’t take that at all. Moortje is my weak spot. I miss her every minute of the\nday, and no one knows how often I thinkof her; whenever I do, my eyes fill with'
 'underneath the shelf, add a nice rug and hang his own cupboard where the table\nnow stands. That might make his little cubbyhole more comfy, though I certainly\nwouldn’t like to sleep there.\nMrs. van Daan is unbearable. I’m continually being scolded for my incessant\nchatter when I’m upstairs. I simply let the words bounce right off me! Madame\nnow has anew trick up her sleeve: trying to get out of washing the pots and pans.\nIf there’s a bit of food left at the bottom of the pan, she leaves it to spoil instead\nof transferring it to a glass dish. Then in the afternoon when Margot is stuck with\ncleaning all the pots and pans, Madame exclaims, “Oh, poor Margot, you have so\nmuch work to do!”\nEvery other week Mr. Kleiman brings me a couple of books written for girls\nmy age. I’m enthusiastic about the loop ter Heul series. I’ve enjoyed all of Cissy\nvan Marxveldt’s books very much. I’ve read The Zaniest Summer four times,\nand the ludicrous situations still make me laugh.\nFather and I are currently working on our family tree, and he tells me\nsomething about each person as we go along. I’ve begun my schoolwork. I’m\nworking hard at French, cramming five irregular verbs into my head every day.\nBut I’ve forgotten much too much of what I learned in school.\n(September 21, 1942)\n(Value of Education)\nThe values of education are both intellectual and economical. Education helps\none to understand the world around, our shared history and culture; it also\nhelps us to hone our skills of thinking, analyzing, synthesizing, creating and\nevaluation. Sharing of ideas, collaborating with others and appreciating\ndifferent points of views are key features of the educative process. A successful\nsociety is one where its members are educated and healthy.\nAnne and her parents appreciate the value of education. As the family has\ngone into hiding, Anne does not have access to formal school but we find her\nparents arranging schoolbooks and stationery for her. We also find her']","[""In Anne Frank's diary, she describes her feelings about the Westertoren clock as being positive, in contrast to the rest of her family. She writes that her father, mother, and Margot can't get used to the chiming of the clock, which rings every quarter of an hour. However, Anne herself liked it from the start, finding the sound reassuring, especially at night. This detail reflects Anne's ability to find comfort in small things and adapt to her new circumstances in hiding, despite the overall hardship and the drastic change in her life.""]"
"In Anne's diary entry, what specific strategies do Anne and her family use to maintain secrecy while living in hiding, and how do these strategies reflect their psychological state?",,"['hadn’t eaten a hot meal all day, but we didn’t care; Mother and Margot were too\ntired and keyed up to eat, and Father and I were too busy.\nTuesday morning we started where we left off the night before. Bep and Miep\nwentgrocery shopping with our ration coupons, Father worked on our blackout\nscreens, we scrubbed the kitchen floor, and were once again busy from sunup to\nsundown. Until Wednesday, I didn’t have a chance to think about the enormous\nchange in my life.\nThen for the first time since our arrival in the Secret Annex, I found a moment\nto tell you all about it and to realize what had happened to me and what was yet to\nhappen.\nYours, Anne\nDearest Kitty,\nFather, Mother and Margot still can’t get used to the chiming of the\nWestertoren clock, which tells us the time every quarter of an hour. Not me, I liked it\nfrom the start; it sounds so reassuring, especially at night. You no doubt want to\nhear what I think of being in hiding. Well, all I can say is that I don’t really know yet.\nI don’t think I’ll ever feel at home in this house, but that doesn’t mean I hate it. It’s\nmore like being on vacation in some strange pension. Kind of an odd way to look at\nlife in hiding, but that’s how things are. The Annex is an ideal place to hide in. It may\nbe damp and lopsided, but there’s probably not a more comfortable hiding place in\nall of Amsterdam. Not in all of Holland.Saturday, July 11, 1942\nUp to now our bedroom, with its blank walls, was very bare. Thanks to\nFather - who brought my entire postcard and movie-star collection here\n23'
 'Comment added by Anne on September 29, 1942:\nComment added by Anne in September 1942:Not being able to go\noutside upsets me more than I can say, and I’m terrified our hiding place will be\ndiscovered and that we’ll be shot. That, of course, is a fairly dismal prospect.\nThey’ve all been so nice to me this last month because of my birthday, and\nyet everyday I feel myself drifting further away from Mother and Margot. I\nworked hard today and they praised me, only to start picking on me again five\nminutes later.\nYou can easily see the difference between the way they deal with Margot\nand the way they deal with me. For example, Margot broke the vacuum cleaner,\nand because of that we’ve been without light for the rest of the day. Mother said,\n“Well, Margot, it’s easy to see you’re not used to working; otherwise, you’d have\nknown better than toyank the plug out by the cord.” Margot made some reply,\nand that was the end of the story.\nBut this afternoon, when I wanted to rewrite something on Mother’s\nshopping list because her handwriting is so hard to read, she wouldn’t let me.\nShe bawled me out again, and the whole family wound up getting involved.\nI don’t fit in with them, and I’ve felt that clearly in the last few weeks.\nThey’re so sentimental together, but I’d rather be sentimental on my own.\nThey’re always saying how nice it is with the four of us, and that we get along so\nwell, without giving amoment’s thought to the fact that I don’t feel that way.\nDaddy’s the only one who understands me, now and again, though he\nusually sides with Mother and Margot. Another thing I can’t stand is having\nthem talk about me in front of outsiders, telling them how I cried or how\nsensibly I’m behaving. It’s horrible. And sometimes they talk about Moortje and\nI can’t take that at all. Moortje is my weak spot. I miss her every minute of the\nday, and no one knows how often I thinkof her; whenever I do, my eyes fill with'
 'underneath the shelf, add a nice rug and hang his own cupboard where the table\nnow stands. That might make his little cubbyhole more comfy, though I certainly\nwouldn’t like to sleep there.\nMrs. van Daan is unbearable. I’m continually being scolded for my incessant\nchatter when I’m upstairs. I simply let the words bounce right off me! Madame\nnow has anew trick up her sleeve: trying to get out of washing the pots and pans.\nIf there’s a bit of food left at the bottom of the pan, she leaves it to spoil instead\nof transferring it to a glass dish. Then in the afternoon when Margot is stuck with\ncleaning all the pots and pans, Madame exclaims, “Oh, poor Margot, you have so\nmuch work to do!”\nEvery other week Mr. Kleiman brings me a couple of books written for girls\nmy age. I’m enthusiastic about the loop ter Heul series. I’ve enjoyed all of Cissy\nvan Marxveldt’s books very much. I’ve read The Zaniest Summer four times,\nand the ludicrous situations still make me laugh.\nFather and I are currently working on our family tree, and he tells me\nsomething about each person as we go along. I’ve begun my schoolwork. I’m\nworking hard at French, cramming five irregular verbs into my head every day.\nBut I’ve forgotten much too much of what I learned in school.\n(September 21, 1942)\n(Value of Education)\nThe values of education are both intellectual and economical. Education helps\none to understand the world around, our shared history and culture; it also\nhelps us to hone our skills of thinking, analyzing, synthesizing, creating and\nevaluation. Sharing of ideas, collaborating with others and appreciating\ndifferent points of views are key features of the educative process. A successful\nsociety is one where its members are educated and healthy.\nAnne and her parents appreciate the value of education. As the family has\ngone into hiding, Anne does not have access to formal school but we find her\nparents arranging schoolbooks and stationery for her. We also find her'
 'different points of views are key features of the educative process. A successful\nsociety is one where its members are educated and healthy.\nAnne and her parents appreciate the value of education. As the family has\ngone into hiding, Anne does not have access to formal school but we find her\nparents arranging schoolbooks and stationery for her. We also find her\nregularly studying and making efforts to learn French, English and other\nsubjects.\nLearning happens in multitudes of ways and should not be restricted to the\nschool hours or the schoolbooks. We learn from our friends, experiences,\nmedia and other books. As Alvin Toffler famously said, ‘The illiterate of the\nfuture will not be the person who does not read. It will be the person who does\nnot know how to learn.’\n30']","['Anne and her family employed several strategies to maintain secrecy while living in hiding. They sewed together scraps of fabric to create makeshift curtains, which they tacked to the windows to prevent anyone from seeing inside. They also practiced sound discipline, such as forbidding Margot to cough at night despite her cold and taking codeine to suppress it, to avoid making noise that might travel through the walls to the neighboring businesses. Additionally, they only listened to the radio in the private office and were very cautious about the volume, as Anne expressed fear that the neighbors might hear. These strategies reflect a constant state of anxiety and fear of being discovered, as well as a determination to control their environment as much as possible to ensure their safety.']"
"How does Anne's perception of her relationship with her family members, particularly her mother and Margot, reflect her emotional state during the time she is writing this entry?",,"['Comment added by Anne on September 29, 1942:\nComment added by Anne in September 1942:Not being able to go\noutside upsets me more than I can say, and I’m terrified our hiding place will be\ndiscovered and that we’ll be shot. That, of course, is a fairly dismal prospect.\nThey’ve all been so nice to me this last month because of my birthday, and\nyet everyday I feel myself drifting further away from Mother and Margot. I\nworked hard today and they praised me, only to start picking on me again five\nminutes later.\nYou can easily see the difference between the way they deal with Margot\nand the way they deal with me. For example, Margot broke the vacuum cleaner,\nand because of that we’ve been without light for the rest of the day. Mother said,\n“Well, Margot, it’s easy to see you’re not used to working; otherwise, you’d have\nknown better than toyank the plug out by the cord.” Margot made some reply,\nand that was the end of the story.\nBut this afternoon, when I wanted to rewrite something on Mother’s\nshopping list because her handwriting is so hard to read, she wouldn’t let me.\nShe bawled me out again, and the whole family wound up getting involved.\nI don’t fit in with them, and I’ve felt that clearly in the last few weeks.\nThey’re so sentimental together, but I’d rather be sentimental on my own.\nThey’re always saying how nice it is with the four of us, and that we get along so\nwell, without giving amoment’s thought to the fact that I don’t feel that way.\nDaddy’s the only one who understands me, now and again, though he\nusually sides with Mother and Margot. Another thing I can’t stand is having\nthem talk about me in front of outsiders, telling them how I cried or how\nsensibly I’m behaving. It’s horrible. And sometimes they talk about Moortje and\nI can’t take that at all. Moortje is my weak spot. I miss her every minute of the\nday, and no one knows how often I thinkof her; whenever I do, my eyes fill with'
 ""to my defense.\nWithout him I wouldn’t be able to stick it out here.\nI don’t get along with Margot very well either. Even though our family\nnever has the same kind of outbursts they have upstairs, I find it far from\npleasant. Margot’s and Mother’s personalities are so alien to me. I understand\nmy girlfriends better than my own mother. Isn’t that a shame?\nFor the umpteenth time, Mrs. van Daan is sulking. She’s very moody and\nhas been removing more and more of her belongings and locking them up. It’s\ntoo bad Mother doesn't repay every van Daan “disappearing act” with a Frank\n“disappearing act.”Some people, like the van Daans, seem to take special delight\nnot only in raising their own children but in helping others raise theirs. Margot Sunday, September 27, 1942\n33""
 'underneath the shelf, add a nice rug and hang his own cupboard where the table\nnow stands. That might make his little cubbyhole more comfy, though I certainly\nwouldn’t like to sleep there.\nMrs. van Daan is unbearable. I’m continually being scolded for my incessant\nchatter when I’m upstairs. I simply let the words bounce right off me! Madame\nnow has anew trick up her sleeve: trying to get out of washing the pots and pans.\nIf there’s a bit of food left at the bottom of the pan, she leaves it to spoil instead\nof transferring it to a glass dish. Then in the afternoon when Margot is stuck with\ncleaning all the pots and pans, Madame exclaims, “Oh, poor Margot, you have so\nmuch work to do!”\nEvery other week Mr. Kleiman brings me a couple of books written for girls\nmy age. I’m enthusiastic about the loop ter Heul series. I’ve enjoyed all of Cissy\nvan Marxveldt’s books very much. I’ve read The Zaniest Summer four times,\nand the ludicrous situations still make me laugh.\nFather and I are currently working on our family tree, and he tells me\nsomething about each person as we go along. I’ve begun my schoolwork. I’m\nworking hard at French, cramming five irregular verbs into my head every day.\nBut I’ve forgotten much too much of what I learned in school.\n(September 21, 1942)\n(Value of Education)\nThe values of education are both intellectual and economical. Education helps\none to understand the world around, our shared history and culture; it also\nhelps us to hone our skills of thinking, analyzing, synthesizing, creating and\nevaluation. Sharing of ideas, collaborating with others and appreciating\ndifferent points of views are key features of the educative process. A successful\nsociety is one where its members are educated and healthy.\nAnne and her parents appreciate the value of education. As the family has\ngone into hiding, Anne does not have access to formal school but we find her\nparents arranging schoolbooks and stationery for her. We also find her'
 'Peter has taken up his English with great reluctance. A few schoolbooks have\njust arrived, and I brought a large supply of notebooks, pencils, erasers and labels\nfrom home. Pim (that’s our pet name for Father) wants me to help him with his\nDutch lessons. I’m perfectly willing to tutor him in exchange for his assistance\nwith French and other subjects. But he makes the most unbelievable mistakes!\nI sometimes listen to the Dutch broadcasts from London. Prince Bernhard\nrecently announced that Princess Juliana is expecting a baby in January, which I\nthink is wonderful. No one here understands why I take such an interest in the\nRoyal Family.\nA few nights ago I was the topic of discussion, and we all decided I was an\nignoramus. As a result, I threw myself into my schoolwork the next day, since I\nhave little desire to still be a freshman when I’m fourteen or fifteen. The fact that\nI’m hardly allowed to read anything was also discussed. At the moment, Mother’s\nreading Gentlemen, Wives and Servants, and of course I’m not allowed to read it\n(though Margot is!). First I have to be more intellectually developed, like my\ngenius of a sister. Then we discussed my ignorance of philosophy, psychology and\nphysiology (Immediately looked up these big words in the dictionary!). It’s true; I\ndon’t know anything about these subjects. But maybe I’ll be smarter next year!\nI’ve come to the shocking conclusion that I have only one long-sleeved dress\nand three cardigans to wear in the winter. Father’s given me permission to knit a\nwhite wool sweater; the yarn isn’t very pretty, but it’ll be warm, and that’s what\ncounts.\nSome of our clothing was left with friends, but unfortunately we won’t be able\nto get to it until after the war. Provided it’s still there, of course.\nI’d just finished writing something about Mrs. van Daan when she walked\ninto the room. Thump, I slammed the book shut.\n“Hey, Anne, can’t I even take a peek?”\n“No, Mrs. van Daan.”\n“Just the last page then?”']","[""Anne's perception of her relationship with her family members, particularly her mother and Margot, reflects a complex emotional state characterized by feelings of isolation, misunderstanding, and a desire for independence. The tension between her need for familial connection and her sense of being different is evident in her writing. While she acknowledges the kindness shown to her around her birthday, she also expresses a growing distance from her mother and Margot, feeling that she does not fit in with their sentimentality and is treated unfairly in comparison to Margot. Anne's emotional state is further complicated by the stress of their hiding situation and the fear of being discovered, which exacerbates her feelings of alienation. Despite these challenges, she finds some solace in her relationship with her father, who occasionally understands her, though she still longs for a deeper emotional connection without the barrier of her tears. Overall, Anne's diary entry reveals a young girl struggling with the typical trials of adolescence while also facing the extraordinary pressures of life in hiding during a time of war.""]"
How does Anne Frank's description of the arrival of the van Daan family reflect her feelings about their integration into the shared living space?,,"['be Petervan Daan’s bedroom. Then, just as in the front part of the building,\nthere’s an attic and a loft. So there you are. Now I’ve introduced you to the\nwhole of our lovely Annex!\nYours, Anne\nFriday, July 10, 1942\nDearest Kitty,\nI’ve probably bored you with my long description of our house, but I still think\nyou should know where I’ve ended up; how I ended up here is something you’ll\nfigure out from my next letters. But first, let me continue my story, because, as you\nknow, I wasn’t finished.\nAfter we arrived at 263 Prinsengracht, Miep quickly led us through the long\nhallway and up the wooden staircase to the next floor and into the Annex. She shut\nthe door behind us, leaving us alone. Margot had arrived much earlier on her bike\nand was waiting for us.\nOur living room and all the other rooms were so full of stuff that I can’t find the\nwords to describe it. All the cardboard boxes that had been sent to the office in the\nlast few months were piled on the floors and beds. The small room was filled from\nfloor to ceiling with linens. If we wanted to sleep in properly made beds that night,\nwe had to get going and straighten up the mess. Mother and Margot were unable to\nmove a muscle. They lay down on their bare mattresses, tired, miserable and I don’t\nknow what else. But Father and I, the two cleaner-uppers in the family, started in\nright away.\nAll day long we unpacked boxes, filled cupboards, hammered nails and\nstraightened up the mess, until we fell exhausted into our clean beds at night. We\n22'
 ""to my defense.\nWithout him I wouldn’t be able to stick it out here.\nI don’t get along with Margot very well either. Even though our family\nnever has the same kind of outbursts they have upstairs, I find it far from\npleasant. Margot’s and Mother’s personalities are so alien to me. I understand\nmy girlfriends better than my own mother. Isn’t that a shame?\nFor the umpteenth time, Mrs. van Daan is sulking. She’s very moody and\nhas been removing more and more of her belongings and locking them up. It’s\ntoo bad Mother doesn't repay every van Daan “disappearing act” with a Frank\n“disappearing act.”Some people, like the van Daans, seem to take special delight\nnot only in raising their own children but in helping others raise theirs. Margot Sunday, September 27, 1942\n33""
 'underneath the shelf, add a nice rug and hang his own cupboard where the table\nnow stands. That might make his little cubbyhole more comfy, though I certainly\nwouldn’t like to sleep there.\nMrs. van Daan is unbearable. I’m continually being scolded for my incessant\nchatter when I’m upstairs. I simply let the words bounce right off me! Madame\nnow has anew trick up her sleeve: trying to get out of washing the pots and pans.\nIf there’s a bit of food left at the bottom of the pan, she leaves it to spoil instead\nof transferring it to a glass dish. Then in the afternoon when Margot is stuck with\ncleaning all the pots and pans, Madame exclaims, “Oh, poor Margot, you have so\nmuch work to do!”\nEvery other week Mr. Kleiman brings me a couple of books written for girls\nmy age. I’m enthusiastic about the loop ter Heul series. I’ve enjoyed all of Cissy\nvan Marxveldt’s books very much. I’ve read The Zaniest Summer four times,\nand the ludicrous situations still make me laugh.\nFather and I are currently working on our family tree, and he tells me\nsomething about each person as we go along. I’ve begun my schoolwork. I’m\nworking hard at French, cramming five irregular verbs into my head every day.\nBut I’ve forgotten much too much of what I learned in school.\n(September 21, 1942)\n(Value of Education)\nThe values of education are both intellectual and economical. Education helps\none to understand the world around, our shared history and culture; it also\nhelps us to hone our skills of thinking, analyzing, synthesizing, creating and\nevaluation. Sharing of ideas, collaborating with others and appreciating\ndifferent points of views are key features of the educative process. A successful\nsociety is one where its members are educated and healthy.\nAnne and her parents appreciate the value of education. As the family has\ngone into hiding, Anne does not have access to formal school but we find her\nparents arranging schoolbooks and stationery for her. We also find her'
 'Comment added by Anne on September 29, 1942:\nComment added by Anne in September 1942:Not being able to go\noutside upsets me more than I can say, and I’m terrified our hiding place will be\ndiscovered and that we’ll be shot. That, of course, is a fairly dismal prospect.\nThey’ve all been so nice to me this last month because of my birthday, and\nyet everyday I feel myself drifting further away from Mother and Margot. I\nworked hard today and they praised me, only to start picking on me again five\nminutes later.\nYou can easily see the difference between the way they deal with Margot\nand the way they deal with me. For example, Margot broke the vacuum cleaner,\nand because of that we’ve been without light for the rest of the day. Mother said,\n“Well, Margot, it’s easy to see you’re not used to working; otherwise, you’d have\nknown better than toyank the plug out by the cord.” Margot made some reply,\nand that was the end of the story.\nBut this afternoon, when I wanted to rewrite something on Mother’s\nshopping list because her handwriting is so hard to read, she wouldn’t let me.\nShe bawled me out again, and the whole family wound up getting involved.\nI don’t fit in with them, and I’ve felt that clearly in the last few weeks.\nThey’re so sentimental together, but I’d rather be sentimental on my own.\nThey’re always saying how nice it is with the four of us, and that we get along so\nwell, without giving amoment’s thought to the fact that I don’t feel that way.\nDaddy’s the only one who understands me, now and again, though he\nusually sides with Mother and Margot. Another thing I can’t stand is having\nthem talk about me in front of outsiders, telling them how I cried or how\nsensibly I’m behaving. It’s horrible. And sometimes they talk about Moortje and\nI can’t take that at all. Moortje is my weak spot. I miss her every minute of the\nday, and no one knows how often I thinkof her; whenever I do, my eyes fill with']","[""Anne Frank's description of the arrival of the van Daan family to the shared living space reveals a mix of emotions. She notes the practical and somewhat humorous aspects of their arrival, such as Mrs. van Daan's attachment to her chamber pot and Mr. van Daan carrying a tea table, which suggests a sense of amusement and perhaps a touch of bemusement at their priorities in such a serious situation. Anne also indicates a sense of adaptability and community, as she mentions that after three days, it felt as if the seven of them had become one big family. This reflects her ability to find a sense of normalcy and even unity under extraordinary circumstances. However, her reference to Peter van Daan as a 'shy, awkward boy whose company won’t amount too much' hints at a reservation or a lack of enthusiasm about the personal dynamics within the group. Overall, Anne's account shows a young girl trying to maintain a positive outlook and find a sense of family amidst the fear and uncertainty of their situation.""]"
What specific measures did Mr. van Daan and Mr. Goldschmidt take to protect the Frank family's hiding place after discovering the note on Mrs. Frank's desk?,"**""Mr. Goldschmidt,"" I said, ""I bet I know what this address refers to. About six months ago a high-ranking officer came to the office. It seems he and Mr. Frank grew up together. He promised to help Mr. Frank if it was ever necessary. As I recall, he was stationed in Maastricht. I think this officer has kept his word and is somehow planning to help them cross over to Belgium and then to Switzerland.""**

According to the document, after discovering the note on Mrs. Frank's desk, Mr. van Daan and Mr. Goldschmidt took the following measures:

* They went through all the rooms in the house, straightening up here and there and clearing the breakfast things off the table.
* Mr. van Daan pretended to be surprised and horrified by the note, and begged Mr. Goldschmidt to burn it, claiming that he knew nothing about the Frank family's disappearance.
* He swore up and down that he had no idea what the address referred to, but that the note had given him an idea.
* He told Mr. Goldschmidt that he thought the high-ranking officer who was stationed in Maasticht might be helping the Frank family escape to Switzerland.

These measures were taken to protect the Frank family's hiding place and to avoid suspicion.","['Mr. van Daan filled us in: “Monday morning at nine, Mr. Goldschmidt\nphoned and asked if I could come over. I went straightaway and found a very\ndistraught Mr. Goldschmidt. He showed me a note that the Frank family had left\nbehind. As instructed, he was planning to bring the cat to the neighbors, which I\nagreed was a good idea. He was afraid the house was going to be searched, so\nwe went through all the rooms, straightening up here and there and clearing the\nbreakfast things off the table. Suddenly I saw a notepad on Mrs. Frank’s desk,\nwith an address in Maastricht written on it. Even though I knew Mrs. Frank had\nleft it on purpose, I pretended tobe surprised and horrified and begged Mr.\nGoldschmidt to burn this incriminating piece of paper. I swore up and down that\nI knew nothing about your disappearance, but that the note had given me an\nidea. ‘Mr. Goldschmidt,’ I said, ‘I bet I know what this address refers to. About\nsix months ago a high-ranking officer came to the office. It seems he and Mr.\nFrank grew up together. He promised to help Mr. Frank if it was ever necessary.\nAs I recall, he was stationed in Maastricht. I think this officer has kept his word\nand is somehow planning to help them cross over to Belgium and then to\nSwitzerland. There’s no harm in telling this to any friends of the Franks who\ncome asking about them. Of course, you don’t need to mention the part about\nMaastricht.’\nAnd after that I left. This is the story most of your friends have been told,\nbecause I heard it later from several other people.”\nWe thought it was extremely funny, but we laughed even harder when Mr.\nvan Daantold us that certain people have vivid imaginations. For example, one\nfamily living on our square claimed they saw all four of us riding by on our\nbikes early in the morning, and another woman was absolutely positive we’d\nbeen loaded into some kind of military vehicle in the middle of the night.\nYours, Anne\nDear Kitty,\nNow our Secret Annex has truly become secret.'
 'A typically Dutch, very steep, ankle-twisting flight of stairs also runs from the\nfront part of the house to another door opening onto the street.\nThe door to the right of the landing leads to the “Secret Annex” at the back\nof the house. No one would ever suspect there were so many rooms behind that\nplain gray door. There’s just one small step in front of the door, and then you’re\ninside. Straight ahead of you is a steep flight of stairs. To the left is a narrow\nhallway opening onto a room that serves as the Frank family’s livingroom and\nbedroom. Next-door is a smaller room, the bedroom and study of the two young\nladies of the family, on the right of the stairs is a windowless washroom with a\nlink. The door in the corner leads to the toilet and another one to Margot’s and\nmy room. If you go up the stairs and open the door at the top, you’re surprised\nto see such a large, light and spacious room in an old canal side house like this. It\ncontains a stove (thanks to the fact hat it used to be Mr. Kugler’s laboratory) and\na sink.\nThis will be the kitchen and bedroom of Mr. and Mrs. van Daan, as well as\nthe general living room, dining room and study for us all. A tiny side room is to\n21'
 'to normal.\nYours, Anne\nDearest Kitty,\nToday I’ll tell you the general news here in the Annex. A lamp has been\nmounted above my divan bed so that in the future, when I hear the guns going\noff, I’ll be able to pull a cord and switch on the light. I can’t use it at the moment\nbecause we’re keeping our window open a little, day and night.\nThe male members of the van Daan contingent have built a very handy\nwood-stainedfood safe, with real screens. Up to now this glorious cupboard has\nbeen located in Peter’s room, but in the interests of fresh air it’s been moved to\nthe attic. Where it once stood, there’s now a shelf. I advised Peter to put his table Monday, September 21, 1942\n29'
 'van Daantold us that certain people have vivid imaginations. For example, one\nfamily living on our square claimed they saw all four of us riding by on our\nbikes early in the morning, and another woman was absolutely positive we’d\nbeen loaded into some kind of military vehicle in the middle of the night.\nYours, Anne\nDear Kitty,\nNow our Secret Annex has truly become secret.\nBecause so many houses are being searched for hidden bicycles, Mr. Kugler\nthought it would be better to have a bookcase built in front of the entrance to our\nhiding place. It swings out on its hinges and opens like a door. Mr. Voskuijl did\nthe carpentry work. (Mr. Voskuijl has been told that the seven of us are in hiding,\nand he’s been most helpful.)Friday, August 21, 1942\n27']","[""Mr. van Daan and Mr. Goldschmidt took several measures to protect the Frank family's hiding place after discovering the note on Mrs. Frank's desk. Firstly, they went through all the rooms, tidying up and removing any evidence of the family's presence, such as clearing the breakfast things off the table. Mr. van Daan then found a notepad with an address in Maastricht, which he knew Mrs. Frank had left intentionally. He instructed Mr. Goldschmidt to burn the incriminating note and concocted a cover story about a high-ranking officer from Maastricht who had promised to help the Frank family. This story was to be shared with any friends inquiring about the Franks, omitting the specific mention of Maastricht. Additionally, to further secure the hiding place, Mr. Kugler decided to have a bookcase built in front of the entrance to the annex, which would swing out on its hinges to allow access. Mr. Voskuijl, who was aware of the family in hiding, completed the carpentry work for this secret entrance.""]"
"How does Anne describe her relationship with Peter, and what specific behaviors contribute to her characterization of him as 'obnoxious'?",,"[""Now whenever we want to go downstairs we have to duck and then jump.\nAfter the first three days we were all walking around with bumps on our\nforeheads from banging our heads against the low doorway. Then Peter\ncushioned it by nailing a towel stuffed with wood shavings to the doorframe.\nLet’s see if it helps!\nI’m not doing much schoolwork. I’ve given myself a vacation until\nSeptember. Father wants to start tutoring me then, but we have to buy all the\nbooks first.\nThere’s little change in our lives here. Peter’s hair was washed today, but\nthat's nothing special. Mr. van Daan and I are always at loggerheads with each\nother. Mamaalways treats me like a baby, which I can’t stand. For the rest, things\nare going better. I don’t think Peter’s gotten any nicer. He’s an obnoxious boy\nwho lies around on his bed all day, only rousing himself to do a little carpentry\nwork before returning to his nap. What a dope!\nMama gave me another one of her dreadful sermons this morning. We take\nthe opposite view of everything. Daddy’s a sweetheart; he may get mad at me,\nbut it never lasts longer than five minutes.\nIt’s a beautiful day outside, nice and hot, and in spite of everything, we\nmake the most of the weather by lounging on the folding bed in the attic.\nYours, Anne\nMr. van Daan has been\nas nice as pie to me recently. I’ve said nothing, but have been enjoying it while it\nlasts.\nDearest Kitty,\nMr. and Mrs. van Daan have had a terrible fight. I’ve never seen anything\nlike it, since Mother and Father wouldn’t dream of shouting at each other like\nthat. The argument was based on something so trivial it didn’t seem worth\nwasting a single word on it.\nOh well, to each his own.\nOf course, it’s very difficult for Peter, who gets caught in the middle, but no\none takes Peter seriously anymore, since he’s hypersensitive and lazy. Yesterday\nhe was beside himself with worry because his tongue was blue instead of pink.""
 ""allowed to travel there without a special permit. An ordinary salesman like Mr.\nBroks would never be granted a permit.\nYesterday Father put on another act. Groggy with sleep, he stumbled off to\nbed. His feet were cold, so I lent him my bed socks. Five minutes later he flung\nthem to the floor. Then he pulled the blankets over his head because the light\nbothered him. The lamp was switched off, and he gingerly poked his head out\nfrom under the covers. It was all very amusing. We started talking about the fact\nthat Peter says Margot is a “meddler.”\nSuddenly Daddy’s voice was heard from the depths: “Sits on her butt, you\nmean Mouschi, the cat, is becoming nicer to me as time goes by, but I’m still\nsome what afraid of her.\nYours, Anne\nDearest Kitty,\nMother and I had a so-called “discussion” today, but the annoying part is\nthat I burst into tears. I can’t help it. Daddy is always nice to me, and he also\nunderstands me much better. At moments like these I can’t stand Mother. It’s\nobvious that I’m a stranger to her; she doesn’t even know what I think about the\nmost ordinary things.\nWe were talking about maids and the fact that you’re supposed to refer to\nthem as”domestic help” these days. She claimed that when the war is over, that’s\nwhat they'll want to be called. I didn’t quite see it that way. Then she added that\nI talk about’’later” so often and that I act as if I were such a lady, even though\nI’m not, but I don’t think building sand castles in the air is such a terrible thing to\ndo, as long as you don’t take it too seriously. At any rate, Daddy usually comes\nto my defense.\nWithout him I wouldn’t be able to stick it out here.\nI don’t get along with Margot very well either. Even though our family\nnever has the same kind of outbursts they have upstairs, I find it far from\npleasant. Margot’s and Mother’s personalities are so alien to me. I understand\nmy girlfriends better than my own mother. Isn’t that a shame?""
 'that. The argument was based on something so trivial it didn’t seem worth\nwasting a single word on it.\nOh well, to each his own.\nOf course, it’s very difficult for Peter, who gets caught in the middle, but no\none takes Peter seriously anymore, since he’s hypersensitive and lazy. Yesterday\nhe was beside himself with worry because his tongue was blue instead of pink.\nThis rarephenomenon disappeared as quickly as it came. Today he’s walking Comment added by Anne on September 21, 1942:\nWednesday, September 2, 1942\n28'
 ""doesn’t need it, since she's naturally good, kind and clever, perfection itself, but I\nseem to have enough mischief for the two of us. More than once the air has been\nfilled with the van Daans’ admonitions and my saucy replies. Father and Mother\nalways defend me fiercely.\nWithout them I wouldn’t be able to jump back into the fray with my usual\ncomposure. They keep telling me I should talk less, mind my own business and\nbe more modest, but I seem doomed to failure. If Father weren’t so patient, I’d\nhave long ago given up hope of ever meeting my parents’ quite moderate\nexpectations.\nIf I take a small helping of a vegetable I loathe and eat potatoes instead, the\nvan Daans, especially Mrs. van Daan, can’t get over how spoiled I am. “Come\non, Anne, eat some more vegetables,” she says.\n“No, thank you, ma’am,” I reply. “The potatoes are more than enough.”\n“Vegetables are good for you; your mother says so too. Have some more,”\nshe insists, until Father intervenes and upholds my right to refuse a dish I don’t\nlike.\nThen Mrs. van D. really flies off the handle: “You should have been at our\nhouse, where children were brought up the way they should be. I don’t call this a\nproper upbringing. Anne is terribly spoiled. I’d never allow that. If Anne were\nmy daughter...”\nThis is always how her tirades begin and end: “If Anne were my daughter. .\n.” Thank goodness I’m not.\nBut to get back to the subject of raising children, yesterday a silence fell after\nMrs. van D. finished her little speech. Father then replied, “I think Anne is very\nwell brought up. At least she’s learned not to respond to your interminable\nsermons. As faras the vegetables are concerned, all I have to say is look who’s\ncalling the kettle black.”\nMrs. van D. was soundly defeated. The pot calling the kettle black refers of\ncourse to Madame herself, since she can’t tolerate beans or any kind of cabbage\nin the evening because they give her “gas.” But I could say the same. What a\ndope, don’t you think?""]","[""Anne describes her relationship with Peter as strained and views him negatively. She characterizes him as 'obnoxious' due to his lazy behavior, such as lying around on his bed all day and only getting up to do a minimal amount of carpentry work before returning to his nap. She also implies that he is not taken seriously by others because he is hypersensitive and lazy, as evidenced by his overreaction to his tongue turning blue, which she dismisses as a trivial concern.""]"
